{
    "students": [
      {
        "id": 1,
        "name": "Ramya",
        "standard": "8th",
        "subject": "tamil",
        "mark": "56"

      },
      {
        "id": 2,
        "name": "ragavi",
        "standard": "8th",
        "subject": "tamil",
        "mark": "75"

      },
      {
        "id": 3,
        "name": "janani",
        "standard": "8th",
        "subject": "tamil",
        "mark": "50"

      },
      {
        "id": 4,
        "name": "rathna",
        "standard": "8th",
        "subject": "tamil",
        "mark": "80"

      },
      {
        "id": 5,
        "name": "kayal",
        "standard": "8th",
        "subject": "tamil",
        "mark": "30"

      },
      {
        "id": 6,
        "name": "priya",
        "standard": "8th",
        "subject": "tamil",
        "mark": "78"

      },
      {
        "id": 7,
        "name": "yalini",
        "standard": "8th",
        "subject": "tamil",
        "mark": "36"

      },
      {
        "id": 8,
        "name": "shiva",
        "standard": "8th",
        "subject": "tamil",
        "mark": "45"

      },
      {
        "id": 9,
        "name": "mathu",
        "standard": "8th",
        "subject": "tamil",
        "mark": "34"

      },
      {
        "id": 10,
        "name": "bhavani",
        "standard": "8th",
        "subject": "tamil",
        "mark": "99"

      }





    ]
  }